{
    "html_attributions": [],
    "next_page_token": "some token",
    "results": [
      {
        "business_status": "OPERATIONAL",
        "geometry": {
          "location": {
            "lat": 43.6465623,
            "lng": -79.374578
          },
          "viewport": {
            "northeast": {
              "lat": 43.64794098029149,
              "lng": -79.37325551970848
            },
            "southwest": {
              "lat": 43.6452430197085,
              "lng": -79.37595348029149
            }
          }
        },
        "icon": "https://maps.gstatic.com/mapfiles/place_api/icons/v1/png_71/lodging-71.png",
        "name": "Novotel Toronto Centre",
        "opening_hours": {
          "open_now": true
        },
        "photos": [
          {
            "height": 4910,
            "html_attributions": [
              ""
            ],
            "photo_reference": "",
            "width": 6576
          }
        ],
        "place_id": "some place id 61",
        "plus_code": {
          "compound_code": "",
          "global_code": "",
        },
        "rating": 4.2,
        "reference": "",
        "scope": "",
        "types": [
          "lodging",
          "restaurant",
          "food",
          "point_of_interest",
          "establishment"
        ],
        "user_ratings_total": 1822,
        "vicinity": "45 The Esplanade, Toronto"
      },
      {
        "business_status": "OPERATIONAL",
        "geometry": {
          "location": {
            "lat": 43.6460303,
            "lng": -79.381388
          },
          "viewport": {
            "northeast": {
              "lat": 43.6471657802915,
              "lng": -79.3799530197085
            },
            "southwest": {
              "lat": 43.6444678197085,
              "lng": -79.3826509802915
            }
          }
        },
        "icon": "https://maps.gstatic.com/mapfiles/place_api/icons/v1/png_71/lodging-71.png",
        "name": "Fairmont Royal York",
        "opening_hours": {
          "open_now": true
        },
        "photos": [
          {
            "height": 2048,
            "html_attributions": [
              ""
            ],
            "photo_reference": "",
            "width": 1621
          }
        ],
        "place_id": "some place id 62",
        "plus_code": {
          "compound_code": "",
          "global_code": "",
        },
        "rating": 4.5,
        "reference": "",
        "scope": "",
        "types": [
          "lodging",
          "restaurant",
          "food",
          "point_of_interest",
          "establishment"
        ],
        "user_ratings_total": 8383,
        "vicinity": "100 Front Street West, Toronto"
      },
      {
        "business_status": "OPERATIONAL",
        "geometry": {
          "location": {
            "lat": 43.65,
            "lng": -79.39638889999999
          },
          "viewport": {
            "northeast": {
              "lat": 43.6512747302915,
              "lng": -79.39500986970849
            },
            "southwest": {
              "lat": 43.6485767697085,
              "lng": -79.3977078302915
            }
          }
        },
        "icon": "https://maps.gstatic.com/mapfiles/place_api/icons/v1/png_71/lodging-71.png",
        "name": "HOTEL OCHO",
        "opening_hours": {
          "open_now": true
        },
        "photos": [
          {
            "height": 1924,
            "html_attributions": [
              ""
            ],
            "photo_reference": "",
            "width": 3598
          }
        ],
        "place_id": "some place id 63",
        "plus_code": {
          "compound_code": "",
          "global_code": "",
        },
        "rating": 4.3,
        "reference": "",
        "scope": "",
        "types": [
          "lodging",
          "bar",
          "restaurant",
          "food",
          "point_of_interest",
          "establishment"
        ],
        "user_ratings_total": 502,
        "vicinity": "195 Spadina Avenue, Toronto"
      },
      {
        "business_status": "OPERATIONAL",
        "geometry": {
          "location": {
            "lat": 43.64696989999999,
            "lng": -79.3932324
          },
          "viewport": {
            "northeast": {
              "lat": 43.64837233029149,
              "lng": -79.3916331697085
            },
            "southwest": {
              "lat": 43.64567436970849,
              "lng": -79.3943311302915
            }
          }
        },
        "icon": "https://maps.gstatic.com/mapfiles/place_api/icons/v1/png_71/restaurant-71.png",
        "name": "Marquis Lounge and Bistro",
        "photos": [
          {
            "height": 1500,
            "html_attributions": [
              ""
            ],
            "photo_reference": "",
            "width": 2048
          }
        ],
        "place_id": "some place id 64",
        "plus_code": {
          "compound_code": "",
          "global_code": "",
        },
        "rating": 4.4,
        "reference": "",
        "scope": "",
        "types": [
          "restaurant",
          "bar",
          "food",
          "point_of_interest",
          "establishment"
        ],
        "user_ratings_total": 9,
        "vicinity": "92 Peter Street, Toronto"
      },
      {
        "business_status": "OPERATIONAL",
        "geometry": {
          "location": {
            "lat": 43.64723610000001,
            "lng": -79.3765722
          },
          "viewport": {
            "northeast": {
              "lat": 43.64853203029149,
              "lng": -79.3754588697085
            },
            "southwest": {
              "lat": 43.64583406970849,
              "lng": -79.3781568302915
            }
          }
        },
        "icon": "https://maps.gstatic.com/mapfiles/place_api/icons/v1/png_71/restaurant-71.png",
        "name": "Oliver & Bonacini Café Grill, Yonge & Front",
        "opening_hours": {
          "open_now": false
        },
        "photos": [
          {
            "height": 480,
            "html_attributions": [
              ""
            ],
            "photo_reference": "",
            "width": 640
          }
        ],
        "place_id": "some place id 65",
        "plus_code": {
          "compound_code": "",
          "global_code": "",
        },
        "price_level": 2,
        "rating": 4,
        "reference": "",
        "scope": "",
        "types": [
          "restaurant",
          "night_club",
          "bar",
          "food",
          "point_of_interest",
          "establishment"
        ],
        "user_ratings_total": 1382,
        "vicinity": "33 Yonge Street, Toronto"
      },
      {
        "business_status": "CLOSED_TEMPORARILY",
        "geometry": {
          "location": {
            "lat": 43.6574337,
            "lng": -79.3832666
          },
          "viewport": {
            "northeast": {
              "lat": 43.6588368302915,
              "lng": -79.38194011970849
            },
            "southwest": {
              "lat": 43.6561388697085,
              "lng": -79.38463808029151
            }
          }
        },
        "icon": "https://maps.gstatic.com/mapfiles/place_api/icons/v1/png_71/restaurant-71.png",
        "name": "Adega Restaurante",
        "permanently_closed": true,
        "photos": [
          {
            "height": 3456,
            "html_attributions": [
              ""
            ],
            "photo_reference": "",
            "width": 4608
          }
        ],
        "place_id": "some place id 66",
        "plus_code": {
          "compound_code": "",
          "global_code": "",
        },
        "price_level": 3,
        "rating": 4.5,
        "reference": "",
        "scope": "",
        "types": [
          "restaurant",
          "food",
          "point_of_interest",
          "establishment"
        ],
        "user_ratings_total": 405,
        "vicinity": "33 Elm Street, Toronto"
      },
      {
        "business_status": "OPERATIONAL",
        "geometry": {
          "location": {
            "lat": 43.650916,
            "lng": -79.375685
          },
          "viewport": {
            "northeast": {
              "lat": 43.6523067302915,
              "lng": -79.3743523697085
            },
            "southwest": {
              "lat": 43.64960876970851,
              "lng": -79.37705033029151
            }
          }
        },
        "icon": "https://maps.gstatic.com/mapfiles/place_api/icons/v1/png_71/restaurant-71.png",
        "name": "Terroni",
        "opening_hours": {
          "open_now": true
        },
        "photos": [
          {
            "height": 3840,
            "html_attributions": [
              ""
            ],
            "photo_reference": "",
            "width": 5760
          }
        ],
        "place_id": "some place id 67",
        "plus_code": {
          "compound_code": "",
          "global_code": "",
        },
        "price_level": 2,
        "rating": 4.2,
        "reference": "",
        "scope": "",
        "types": [
          "restaurant",
          "food",
          "point_of_interest",
          "establishment"
        ],
        "user_ratings_total": 3698,
        "vicinity": "57 Adelaide Street East, Toronto"
      },
      {
        "business_status": "CLOSED_TEMPORARILY",
        "geometry": {
          "location": {
            "lat": 43.6499945,
            "lng": -79.3839517
          },
          "viewport": {
            "northeast": {
              "lat": 43.6512935302915,
              "lng": -79.3828103697085
            },
            "southwest": {
              "lat": 43.6485955697085,
              "lng": -79.3855083302915
            }
          }
        },
        "icon": "https://maps.gstatic.com/mapfiles/place_api/icons/v1/png_71/restaurant-71.png",
        "name": "The Keg Steakhouse + Bar - York Street",
        "permanently_closed": true,
        "photos": [
          {
            "height": 2268,
            "html_attributions": [
              ""
            ],
            "photo_reference": "",
            "width": 4032
          }
        ],
        "place_id": "some place id 68",
        "plus_code": {
          "compound_code": "",
          "global_code": "",
        },
        "price_level": 3,
        "rating": 4.5,
        "reference": "",
        "scope": "",
        "types": [
          "restaurant",
          "food",
          "point_of_interest",
          "establishment"
        ],
        "user_ratings_total": 2954,
        "vicinity": "165 York Street, Toronto"
      },
      {
        "business_status": "CLOSED_TEMPORARILY",
        "geometry": {
          "location": {
            "lat": 43.6479063,
            "lng": -79.3780646
          },
          "viewport": {
            "northeast": {
              "lat": 43.64915643029151,
              "lng": -79.3766743197085
            },
            "southwest": {
              "lat": 43.64645846970851,
              "lng": -79.3793722802915
            }
          }
        },
        "icon": "https://maps.gstatic.com/mapfiles/place_api/icons/v1/png_71/restaurant-71.png",
        "name": "Jump Restaurant",
        "permanently_closed": true,
        "photos": [
          {
            "height": 636,
            "html_attributions": [
              ""
            ],
            "photo_reference": "",
            "width": 960
          }
        ],
        "place_id": "some place id 69",
        "plus_code": {
          "compound_code": "",
          "global_code": "",
        },
        "price_level": 3,
        "rating": 4.2,
        "reference": "",
        "scope": "",
        "types": [
          "bar",
          "restaurant",
          "food",
          "point_of_interest",
          "establishment"
        ],
        "user_ratings_total": 781,
        "vicinity": "18 Wellington Street West, Toronto"
      },
      {
        "business_status": "OPERATIONAL",
        "geometry": {
          "location": {
            "lat": 43.655701,
            "lng": -79.37917499999999
          },
          "viewport": {
            "northeast": {
              "lat": 43.6570138802915,
              "lng": -79.37781131970848
            },
            "southwest": {
              "lat": 43.6543159197085,
              "lng": -79.38050928029149
            }
          }
        },
        "icon": "https://maps.gstatic.com/mapfiles/place_api/icons/v1/png_71/restaurant-71.png",
        "name": "The Senator",
        "opening_hours": {
          "open_now": false
        },
        "photos": [
          {
            "height": 2048,
            "html_attributions": [
              ""
            ],
            "photo_reference": "",
            "width": 2048
          }
        ],
        "place_id": "some place id 70",
        "plus_code": {
          "compound_code": "",
          "global_code": "",
        },
        "price_level": 2,
        "rating": 4.3,
        "reference": "",
        "scope": "",
        "types": [
          "restaurant",
          "food",
          "point_of_interest",
          "establishment"
        ],
        "user_ratings_total": 1371,
        "vicinity": "249 Victoria Street, Toronto"
      },
      {
        "business_status": "OPERATIONAL",
        "geometry": {
          "location": {
            "lat": 43.6573753,
            "lng": -79.383461
          },
          "viewport": {
            "northeast": {
              "lat": 43.6587842802915,
              "lng": -79.38213851970849
            },
            "southwest": {
              "lat": 43.6560863197085,
              "lng": -79.3848364802915
            }
          }
        },
        "icon": "https://maps.gstatic.com/mapfiles/place_api/icons/v1/png_71/restaurant-71.png",
        "name": "Donatello Restaurant",
        "opening_hours": {
          "open_now": false
        },
        "photos": [
          {
            "height": 2048,
            "html_attributions": [
              ""
            ],
            "photo_reference": "",
            "width": 1902
          }
        ],
        "place_id": "some place id 71",
        "plus_code": {
          "compound_code": "",
          "global_code": "",
        },
        "price_level": 3,
        "rating": 4.3,
        "reference": "",
        "scope": "",
        "types": [
          "restaurant",
          "food",
          "point_of_interest",
          "establishment"
        ],
        "user_ratings_total": 798,
        "vicinity": "37 Elm Street, Toronto"
      },
      {
        "business_status": "OPERATIONAL",
        "geometry": {
          "location": {
            "lat": 43.6475793,
            "lng": -79.38090369999999
          },
          "viewport": {
            "northeast": {
              "lat": 43.6486975802915,
              "lng": -79.3795757197085
            },
            "southwest": {
              "lat": 43.6459996197085,
              "lng": -79.3822736802915
            }
          }
        },
        "icon": "https://maps.gstatic.com/mapfiles/place_api/icons/v1/png_71/restaurant-71.png",
        "name": "Canoe",
        "opening_hours": {
          "open_now": false
        },
        "photos": [
          {
            "height": 2988,
            "html_attributions": [
              ""
            ],
            "photo_reference": "",
            "width": 5312
          }
        ],
        "place_id": "some place id 72",
        "plus_code": {
          "compound_code": "",
          "global_code": "",
        },
        "price_level": 4,
        "rating": 4.5,
        "reference": "",
        "scope": "",
        "types": [
          "bar",
          "restaurant",
          "food",
          "point_of_interest",
          "establishment"
        ],
        "user_ratings_total": 2019,
        "vicinity": "66 Wellington Street West 54th floor, Toronto"
      },
      {
        "business_status": "OPERATIONAL",
        "geometry": {
          "location": {
            "lat": 43.64541,
            "lng": -79.383865
          },
          "viewport": {
            "northeast": {
              "lat": 43.6465791802915,
              "lng": -79.3824437197085
            },
            "southwest": {
              "lat": 43.6438812197085,
              "lng": -79.38514168029151
            }
          }
        },
        "icon": "https://maps.gstatic.com/mapfiles/place_api/icons/v1/png_71/restaurant-71.png",
        "name": "Jack Astor's Bar & Grill",
        "opening_hours": {
          "open_now": true
        },
        "photos": [
          {
            "height": 3024,
            "html_attributions": [
              ""
            ],
            "photo_reference": "",
            "width": 4032
          }
        ],
        "place_id": "some place id 73",
        "plus_code": {
          "compound_code": "",
          "global_code": "",
        },
        "price_level": 2,
        "rating": 4.1,
        "reference": "",
        "scope": "",
        "types": [
          "bar",
          "restaurant",
          "food",
          "point_of_interest",
          "establishment"
        ],
        "user_ratings_total": 4973,
        "vicinity": "144 Front Street West, Toronto"
      },
      {
        "business_status": "OPERATIONAL",
        "geometry": {
          "location": {
            "lat": 43.6576597,
            "lng": -79.381692
          },
          "viewport": {
            "northeast": {
              "lat": 43.6590311302915,
              "lng": -79.38024316970849
            },
            "southwest": {
              "lat": 43.6563331697085,
              "lng": -79.3829411302915
            }
          }
        },
        "icon": "https://maps.gstatic.com/mapfiles/place_api/icons/v1/png_71/restaurant-71.png",
        "name": "Salad King",
        "opening_hours": {
          "open_now": true
        },
        "photos": [
          {
            "height": 1200,
            "html_attributions": [
              ""
            ],
            "photo_reference": "",
            "width": 1343
          }
        ],
        "place_id": "some place id 74",
        "plus_code": {
          "compound_code": "",
          "global_code": "",
        },
        "price_level": 1,
        "rating": 4.3,
        "reference": "",
        "scope": "",
        "types": [
          "restaurant",
          "food",
          "point_of_interest",
          "establishment"
        ],
        "user_ratings_total": 3669,
        "vicinity": "340 Yonge Street, Toronto"
      },
      {
        "business_status": "CLOSED_TEMPORARILY",
        "geometry": {
          "location": {
            "lat": 43.64735829999999,
            "lng": -79.3866278
          },
          "viewport": {
            "northeast": {
              "lat": 43.6486633302915,
              "lng": -79.38526061970849
            },
            "southwest": {
              "lat": 43.6459653697085,
              "lng": -79.38795858029151
            }
          }
        },
        "icon": "https://maps.gstatic.com/mapfiles/place_api/icons/v1/png_71/restaurant-71.png",
        "name": "IL FORNELLO on King",
        "permanently_closed": true,
        "photos": [
          {
            "height": 1200,
            "html_attributions": [
              ""
            ],
            "photo_reference": "",
            "width": 1800
          }
        ],
        "place_id": "some place id 75",
        "plus_code": {
          "compound_code": "",
          "global_code": "",
        },
        "price_level": 2,
        "rating": 4.1,
        "reference": "",
        "scope": "",
        "types": [
          "meal_delivery",
          "meal_takeaway",
          "bar",
          "restaurant",
          "food",
          "point_of_interest",
          "establishment"
        ],
        "user_ratings_total": 763,
        "vicinity": "214 King Street West, Toronto"
      },
      {
        "business_status": "OPERATIONAL",
        "geometry": {
          "location": {
            "lat": 43.6502346,
            "lng": -79.3889547
          },
          "viewport": {
            "northeast": {
              "lat": 43.6516236302915,
              "lng": -79.3876224697085
            },
            "southwest": {
              "lat": 43.6489256697085,
              "lng": -79.39032043029151
            }
          }
        },
        "icon": "https://maps.gstatic.com/mapfiles/place_api/icons/v1/png_71/restaurant-71.png",
        "name": "Little India Restaurant",
        "opening_hours": {
          "open_now": true
        },
        "photos": [
          {
            "height": 1365,
            "html_attributions": [
              ""
            ],
            "photo_reference": "",
            "width": 2048
          }
        ],
        "place_id": "some place id 76",
        "plus_code": {
          "compound_code": "",
          "global_code": "",
        },
        "price_level": 2,
        "rating": 4,
        "reference": "",
        "scope": "",
        "types": [
          "meal_takeaway",
          "restaurant",
          "food",
          "point_of_interest",
          "establishment"
        ],
        "user_ratings_total": 1976,
        "vicinity": "255 Queen Street West, Toronto"
      },
      {
        "business_status": "OPERATIONAL",
        "geometry": {
          "location": {
            "lat": 43.6470917,
            "lng": -79.37404169999999
          },
          "viewport": {
            "northeast": {
              "lat": 43.6483725802915,
              "lng": -79.37263056970849
            },
            "southwest": {
              "lat": 43.6456746197085,
              "lng": -79.3753285302915
            }
          }
        },
        "icon": "https://maps.gstatic.com/mapfiles/place_api/icons/v1/png_71/bar-71.png",
        "name": "Scotland Yard Pub",
        "opening_hours": {
          "open_now": true
        },
        "photos": [
          {
            "height": 1055,
            "html_attributions": [
              ""
            ],
            "photo_reference": "",
            "width": 2048
          }
        ],
        "place_id": "some place id 77",
        "plus_code": {
          "compound_code": "",
          "global_code": "",
        },
        "price_level": 2,
        "rating": 4.2,
        "reference": "",
        "scope": "",
        "types": [
          "bar",
          "restaurant",
          "food",
          "point_of_interest",
          "establishment"
        ],
        "user_ratings_total": 1202,
        "vicinity": "56 The Esplanade, Toronto"
      },
      {
        "business_status": "OPERATIONAL",
        "geometry": {
          "location": {
            "lat": 43.64624899999999,
            "lng": -79.390453
          },
          "viewport": {
            "northeast": {
              "lat": 43.64768978029149,
              "lng": -79.3891442697085
            },
            "southwest": {
              "lat": 43.64499181970849,
              "lng": -79.3918422302915
            }
          }
        },
        "icon": "https://maps.gstatic.com/mapfiles/place_api/icons/v1/png_71/restaurant-71.png",
        "name": "309 Dhaba Indian Restaurant of Excellence",
        "opening_hours": {
          "open_now": true
        },
        "photos": [
          {
            "height": 731,
            "html_attributions": [
              ""
            ],
            "photo_reference": "",
            "width": 1024
          }
        ],
        "place_id": "some place id 78",
        "plus_code": {
          "compound_code": "",
          "global_code": "",
        },
        "price_level": 2,
        "rating": 3.3,
        "reference": "",
        "scope": "",
        "types": [
          "meal_delivery",
          "restaurant",
          "food",
          "point_of_interest",
          "establishment"
        ],
        "user_ratings_total": 1410,
        "vicinity": "309 King Street West, Toronto"
      },
      {
        "business_status": "CLOSED_TEMPORARILY",
        "geometry": {
          "location": {
            "lat": 43.6503155,
            "lng": -79.3847182
          },
          "viewport": {
            "northeast": {
              "lat": 43.6517116802915,
              "lng": -79.3833894197085
            },
            "southwest": {
              "lat": 43.6490137197085,
              "lng": -79.3860873802915
            }
          }
        },
        "icon": "https://maps.gstatic.com/mapfiles/place_api/icons/v1/png_71/restaurant-71.png",
        "name": "VOLOS",
        "permanently_closed": true,
        "photos": [
          {
            "height": 3522,
            "html_attributions": [
              ""
            ],
            "photo_reference": "",
            "width": 5283
          }
        ],
        "place_id": "some place id 79",
        "plus_code": {
          "compound_code": "",
          "global_code": "",
        },
        "price_level": 3,
        "rating": 4.4,
        "reference": "",
        "scope": "",
        "types": [
          "restaurant",
          "food",
          "point_of_interest",
          "establishment"
        ],
        "user_ratings_total": 763,
        "vicinity": "133 Richmond Street West, Toronto"
      },
      {
        "business_status": "OPERATIONAL",
        "geometry": {
          "location": {
            "lat": 43.6506177,
            "lng": -79.3882088
          },
          "viewport": {
            "northeast": {
              "lat": 43.65190503029149,
              "lng": -79.3868345697085
            },
            "southwest": {
              "lat": 43.6492070697085,
              "lng": -79.3895325302915
            }
          }
        },
        "icon": "https://maps.gstatic.com/mapfiles/place_api/icons/v1/png_71/restaurant-71.png",
        "name": "PLANTA Queen",
        "opening_hours": {
          "open_now": true
        },
        "photos": [
          {
            "height": 3840,
            "html_attributions": [
              ""
            ],
            "photo_reference": "",
            "width": 5760
          }
        ],
        "place_id": "some place id 80",
        "plus_code": {
          "compound_code": "",
          "global_code": "",
        },
        "price_level": 3,
        "rating": 4.4,
        "reference": "",
        "scope": "",
        "types": [
          "restaurant",
          "food",
          "point_of_interest",
          "establishment"
        ],
        "user_ratings_total": 1064,
        "vicinity": "180 Queen Street West, Toronto"
      }
    ],
    "status": "OK"
  }